abs_path,true_label,pred_label,plane,prob_0,prob_1,prob_2,prob_3,max_prob,correct,has_mask,dice,iou,sensitivity,specificity,precision_seg,hd95,gt_area,pred_area,fn_mask
d:\Research\Multi-View Fusion Network\datasets\brisc2025\classification_task\test\no_tumor\brisc2025_test_00561_no_ax_t1.jpg,no_tumor,no_tumor,axial,0.021159545,0.022900889,0.022461228,0.93347824,0.9334782361984253,True,True,1.0,1.0,0.0,0.9999999999998007,0.0,0.0,0.0,0.0,False
d:\Research\Multi-View Fusion Network\datasets\brisc2025\classification_task\test\no_tumor\brisc2025_test_00562_no_ax_t1.jpg,no_tumor,no_tumor,axial,0.021262217,0.022367276,0.022158941,0.9342117,0.9342116713523865,True,True,1.0,1.0,0.0,0.9999999999998007,0.0,0.0,0.0,0.0,False
d:\Research\Multi-View Fusion Network\datasets\brisc2025\classification_task\test\no_tumor\brisc2025_test_00563_no_ax_t1.jpg,no_tumor,no_tumor,axial,0.024859717,0.081668794,0.032381542,0.86108994,0.8610899448394775,True,True,1.0,1.0,0.0,0.9999999999998007,0.0,0.0,0.0,0.0,False
d:\Research\Multi-View Fusion Network\datasets\brisc2025\classification_task\test\no_tumor\brisc2025_test_00564_no_ax_t1.jpg,no_tumor,no_tumor,axial,0.021282442,0.022700476,0.022282394,0.9337348,0.9337347745895386,True,True,1.0,1.0,0.0,0.9999999999998007,0.0,0.0,0.0,0.0,False
d:\Research\Multi-View Fusion Network\datasets\brisc2025\classification_task\test\no_tumor\brisc2025_test_00565_no_ax_t1.jpg,no_tumor,no_tumor,axial,0.021309009,0.0220219,0.021977777,0.9346913,0.934691309928894,True,True,1.0,1.0,0.0,0.9999999999998007,0.0,0.0,0.0,0.0,False
d:\Research\Multi-View Fusion Network\datasets\brisc2025\classification_task\test\no_tumor\brisc2025_test_00566_no_ax_t1.jpg,no_tumor,no_tumor,axial,0.021205636,0.021906877,0.022166949,0.9347206,0.9347205758094788,True,True,1.0,1.0,0.0,0.9999999999998007,0.0,0.0,0.0,0.0,False
d:\Research\Multi-View Fusion Network\datasets\brisc2025\classification_task\test\no_tumor\brisc2025_test_00567_no_ax_t1.jpg,no_tumor,no_tumor,axial,0.021534482,0.022185698,0.022122068,0.93415767,0.93415766954422,True,True,1.0,1.0,0.0,0.9999999999998007,0.0,0.0,0.0,0.0,False
d:\Research\Multi-View Fusion Network\datasets\brisc2025\classification_task\test\no_tumor\brisc2025_test_00568_no_ax_t1.jpg,no_tumor,no_tumor,axial,0.021429235,0.02198943,0.022146493,0.9344349,0.9344348907470703,True,True,1.0,1.0,0.0,0.9999999999998007,0.0,0.0,0.0,0.0,False
d:\Research\Multi-View Fusion Network\datasets\brisc2025\classification_task\test\no_tumor\brisc2025_test_00569_no_ax_t1.jpg,no_tumor,no_tumor,axial,0.021673268,0.021751098,0.02177081,0.9348048,0.9348047971725464,True,True,1.0,1.0,0.0,0.9999999999998007,0.0,0.0,0.0,0.0,False
d:\Research\Multi-View Fusion Network\datasets\brisc2025\classification_task\test\no_tumor\brisc2025_test_00570_no_ax_t1.jpg,no_tumor,no_tumor,axial,0.021569991,0.021646697,0.021562917,0.9352205,0.93522047996521,True,True,1.0,1.0,0.0,0.9999999999998007,0.0,0.0,0.0,0.0,False
d:\Research\Multi-View Fusion Network\datasets\brisc2025\classification_task\test\no_tumor\brisc2025_test_00571_no_ax_t1.jpg,no_tumor,no_tumor,axial,0.021827156,0.02183882,0.021915669,0.9344183,0.9344183206558228,True,True,1.0,1.0,0.0,0.9999999999998007,0.0,0.0,0.0,0.0,False
d:\Research\Multi-View Fusion Network\datasets\brisc2025\classification_task\test\no_tumor\brisc2025_test_00572_no_ax_t1.jpg,no_tumor,no_tumor,axial,0.021589,0.021863181,0.021737799,0.9348101,0.9348101019859314,True,True,1.0,1.0,0.0,0.9999999999998007,0.0,0.0,0.0,0.0,False
d:\Research\Multi-View Fusion Network\datasets\brisc2025\classification_task\test\no_tumor\brisc2025_test_00573_no_ax_t1.jpg,no_tumor,no_tumor,axial,0.021943513,0.021960244,0.021940373,0.93415594,0.9341559410095215,True,True,1.0,1.0,0.0,0.9999999999998007,0.0,0.0,0.0,0.0,False
d:\Research\Multi-View Fusion Network\datasets\brisc2025\classification_task\test\no_tumor\brisc2025_test_00574_no_ax_t1.jpg,no_tumor,no_tumor,axial,0.021528713,0.021737617,0.021954406,0.9347792,0.9347792267799377,True,True,1.0,1.0,0.0,0.9999999999998007,0.0,0.0,0.0,0.0,False
d:\Research\Multi-View Fusion Network\datasets\brisc2025\classification_task\test\no_tumor\brisc2025_test_00575_no_ax_t1.jpg,no_tumor,no_tumor,axial,0.021578956,0.021558106,0.021405388,0.9354575,0.9354575276374817,True,True,1.0,1.0,0.0,0.9999999999998007,0.0,0.0,0.0,0.0,False
d:\Research\Multi-View Fusion Network\datasets\brisc2025\classification_task\test\no_tumor\brisc2025_test_00576_no_ax_t1.jpg,no_tumor,no_tumor,axial,0.021626608,0.021507666,0.021391908,0.9354738,0.9354737997055054,True,True,1.0,1.0,0.0,0.9999999999998007,0.0,0.0,0.0,0.0,False
d:\Research\Multi-View Fusion Network\datasets\brisc2025\classification_task\test\no_tumor\brisc2025_test_00577_no_ax_t1.jpg,no_tumor,no_tumor,axial,0.021716781,0.021692356,0.021587625,0.9350033,0.9350032806396484,True,True,1.0,1.0,0.0,0.9999999999998007,0.0,0.0,0.0,0.0,False
d:\Research\Multi-View Fusion Network\datasets\brisc2025\classification_task\test\no_tumor\brisc2025_test_00578_no_ax_t1.jpg,no_tumor,no_tumor,axial,0.021581555,0.021655604,0.02173586,0.93502694,0.9350269436836243,True,True,1.0,1.0,0.0,0.9999999999998007,0.0,0.0,0.0,0.0,False
d:\Research\Multi-View Fusion Network\datasets\brisc2025\classification_task\test\no_tumor\brisc2025_test_00579_no_ax_t1.jpg,no_tumor,no_tumor,axial,0.021678412,0.021366669,0.021370549,0.9355844,0.9355844259262085,True,True,1.0,1.0,0.0,0.9999999999998007,0.0,0.0,0.0,0.0,False
d:\Research\Multi-View Fusion Network\datasets\brisc2025\classification_task\test\no_tumor\brisc2025_test_00580_no_ax_t1.jpg,no_tumor,no_tumor,axial,0.021560732,0.021446355,0.021448778,0.93554413,0.9355441331863403,True,True,1.0,1.0,0.0,0.9999999999998007,0.0,0.0,0.0,0.0,False
d:\Research\Multi-View Fusion Network\datasets\brisc2025\classification_task\test\no_tumor\brisc2025_test_00581_no_ax_t1.jpg,no_tumor,no_tumor,axial,0.021622581,0.021485364,0.02154631,0.9353457,0.9353457093238831,True,True,1.0,1.0,0.0,0.9999999999998007,0.0,0.0,0.0,0.0,False
d:\Research\Multi-View Fusion Network\datasets\brisc2025\classification_task\test\no_tumor\brisc2025_test_00582_no_ax_t1.jpg,no_tumor,no_tumor,axial,0.021545839,0.021726482,0.021589953,0.9351377,0.9351376891136169,True,True,1.0,1.0,0.0,0.9999999999998007,0.0,0.0,0.0,0.0,False
d:\Research\Multi-View Fusion Network\datasets\brisc2025\classification_task\test\no_tumor\brisc2025_test_00583_no_ax_t1.jpg,no_tumor,no_tumor,axial,0.021389335,0.021620827,0.021721765,0.93526804,0.9352680444717407,True,True,1.0,1.0,0.0,0.9999999999998007,0.0,0.0,0.0,0.0,False
d:\Research\Multi-View Fusion Network\datasets\brisc2025\classification_task\test\no_tumor\brisc2025_test_00584_no_ax_t1.jpg,no_tumor,no_tumor,axial,0.021420304,0.022063658,0.022138242,0.93437773,0.9343777298927307,True,True,1.0,1.0,0.0,0.9999999999998007,0.0,0.0,0.0,0.0,False
d:\Research\Multi-View Fusion Network\datasets\brisc2025\classification_task\test\no_tumor\brisc2025_test_00585_no_ax_t1.jpg,no_tumor,no_tumor,axial,0.02157121,0.021620147,0.021691637,0.93511695,0.9351169466972351,True,True,1.0,1.0,0.0,0.9999999999998007,0.0,0.0,0.0,0.0,False
d:\Research\Multi-View Fusion Network\datasets\brisc2025\classification_task\test\no_tumor\brisc2025_test_00586_no_ax_t1.jpg,no_tumor,no_tumor,axial,0.02122802,0.02175417,0.022205858,0.93481195,0.9348119497299194,True,True,1.0,1.0,0.0,0.9999999999998007,0.0,0.0,0.0,0.0,False
d:\Research\Multi-View Fusion Network\datasets\brisc2025\classification_task\test\no_tumor\brisc2025_test_00587_no_ax_t1.jpg,no_tumor,no_tumor,axial,0.021506129,0.021715986,0.022018572,0.9347594,0.9347593784332275,True,True,1.0,1.0,0.0,0.9999999999998007,0.0,0.0,0.0,0.0,False
d:\Research\Multi-View Fusion Network\datasets\brisc2025\classification_task\test\no_tumor\brisc2025_test_00588_no_ax_t1.jpg,no_tumor,no_tumor,axial,0.021872729,0.022058269,0.022423796,0.9336452,0.9336451888084412,True,True,1.0,1.0,0.0,0.9999999999998007,0.0,0.0,0.0,0.0,False
d:\Research\Multi-View Fusion Network\datasets\brisc2025\classification_task\test\no_tumor\brisc2025_test_00589_no_ax_t1.jpg,no_tumor,no_tumor,axial,0.021413544,0.022885693,0.02411851,0.9315822,0.9315822124481201,True,True,1.0,1.0,0.0,0.9999999999998007,0.0,0.0,0.0,0.0,False
d:\Research\Multi-View Fusion Network\datasets\brisc2025\classification_task\test\no_tumor\brisc2025_test_00590_no_ax_t1.jpg,no_tumor,no_tumor,axial,0.021463484,0.021894334,0.02172641,0.9349157,0.9349157214164734,True,True,1.0,1.0,0.0,0.9999999999998007,0.0,0.0,0.0,0.0,False
d:\Research\Multi-View Fusion Network\datasets\brisc2025\classification_task\test\no_tumor\brisc2025_test_00591_no_ax_t1.jpg,no_tumor,no_tumor,axial,0.021310328,0.021919336,0.021985961,0.93478435,0.9347843527793884,True,True,1.0,1.0,0.0,0.9999999999998007,0.0,0.0,0.0,0.0,False
d:\Research\Multi-View Fusion Network\datasets\brisc2025\classification_task\test\no_tumor\brisc2025_test_00592_no_ax_t1.jpg,no_tumor,no_tumor,axial,0.021856572,0.021363677,0.021654053,0.9351257,0.9351257085800171,True,True,1.0,1.0,0.0,0.9999999999998007,0.0,0.0,0.0,0.0,False
d:\Research\Multi-View Fusion Network\datasets\brisc2025\classification_task\test\no_tumor\brisc2025_test_00593_no_ax_t1.jpg,no_tumor,no_tumor,axial,0.021441912,0.021642651,0.021223048,0.9356924,0.9356924295425415,True,True,1.0,1.0,0.0,0.9999999999998007,0.0,0.0,0.0,0.0,False
d:\Research\Multi-View Fusion Network\datasets\brisc2025\classification_task\test\no_tumor\brisc2025_test_00594_no_ax_t1.jpg,no_tumor,no_tumor,axial,0.021566946,0.024149038,0.023349026,0.9309349,0.9309349060058594,True,True,1.0,1.0,0.0,0.9999999999998007,0.0,0.0,0.0,0.0,False
d:\Research\Multi-View Fusion Network\datasets\brisc2025\classification_task\test\no_tumor\brisc2025_test_00595_no_ax_t1.jpg,no_tumor,no_tumor,axial,0.021076836,0.021538429,0.021595433,0.9357893,0.9357892870903015,True,True,1.0,1.0,0.0,0.9999999999998007,0.0,0.0,0.0,0.0,False
d:\Research\Multi-View Fusion Network\datasets\brisc2025\classification_task\test\no_tumor\brisc2025_test_00596_no_ax_t1.jpg,no_tumor,no_tumor,axial,0.02151694,0.020985337,0.020616736,0.93688095,0.9368809461593628,True,True,1.0,1.0,0.0,0.9999999999998007,0.0,0.0,0.0,0.0,False
d:\Research\Multi-View Fusion Network\datasets\brisc2025\classification_task\test\no_tumor\brisc2025_test_00597_no_ax_t1.jpg,no_tumor,no_tumor,axial,0.020862333,0.021810018,0.021132618,0.936195,0.9361950159072876,True,True,1.0,1.0,0.0,0.9999999999998007,0.0,0.0,0.0,0.0,False
d:\Research\Multi-View Fusion Network\datasets\brisc2025\classification_task\test\no_tumor\brisc2025_test_00598_no_ax_t1.jpg,no_tumor,no_tumor,axial,0.02148397,0.021669216,0.021558125,0.93528867,0.935288667678833,True,True,1.0,1.0,0.0,0.9999999999998007,0.0,0.0,0.0,0.0,False
d:\Research\Multi-View Fusion Network\datasets\brisc2025\classification_task\test\no_tumor\brisc2025_test_00599_no_ax_t1.jpg,no_tumor,no_tumor,axial,0.021113947,0.021554021,0.020924393,0.9364077,0.9364076852798462,True,True,1.0,1.0,0.0,0.9999999999998007,0.0,0.0,0.0,0.0,False
d:\Research\Multi-View Fusion Network\datasets\brisc2025\classification_task\test\no_tumor\brisc2025_test_00600_no_ax_t1.jpg,no_tumor,no_tumor,axial,0.021465627,0.021469714,0.021123858,0.9359408,0.9359408020973206,True,True,1.0,1.0,0.0,0.9999999999998007,0.0,0.0,0.0,0.0,False
d:\Research\Multi-View Fusion Network\datasets\brisc2025\classification_task\test\no_tumor\brisc2025_test_00601_no_ax_t1.jpg,no_tumor,no_tumor,axial,0.022087911,0.021571565,0.021264926,0.9350756,0.935075581073761,True,True,1.0,1.0,0.0,0.9999999999998007,0.0,0.0,0.0,0.0,False
d:\Research\Multi-View Fusion Network\datasets\brisc2025\classification_task\test\no_tumor\brisc2025_test_00602_no_ax_t1.jpg,no_tumor,no_tumor,axial,0.021958597,0.021340718,0.021196222,0.9355044,0.9355043768882751,True,True,1.0,1.0,0.0,0.9999999999998007,0.0,0.0,0.0,0.0,False
d:\Research\Multi-View Fusion Network\datasets\brisc2025\classification_task\test\no_tumor\brisc2025_test_00603_no_ax_t1.jpg,no_tumor,no_tumor,axial,0.02159665,0.021452704,0.02161236,0.9353383,0.9353383183479309,True,True,1.0,1.0,0.0,0.9999999999998007,0.0,0.0,0.0,0.0,False
d:\Research\Multi-View Fusion Network\datasets\brisc2025\classification_task\test\no_tumor\brisc2025_test_00604_no_ax_t1.jpg,no_tumor,no_tumor,axial,0.021266203,0.020904938,0.021371465,0.93645746,0.9364574551582336,True,True,1.0,1.0,0.0,0.9999999999998007,0.0,0.0,0.0,0.0,False
d:\Research\Multi-View Fusion Network\datasets\brisc2025\classification_task\test\no_tumor\brisc2025_test_00605_no_ax_t1.jpg,no_tumor,no_tumor,axial,0.021951359,0.021104,0.02114345,0.9358012,0.9358012080192566,True,True,1.0,1.0,0.0,0.9999999999998007,0.0,0.0,0.0,0.0,False
d:\Research\Multi-View Fusion Network\datasets\brisc2025\classification_task\test\no_tumor\brisc2025_test_00606_no_ax_t1.jpg,no_tumor,no_tumor,axial,0.021618798,0.021806426,0.022775581,0.9337992,0.9337992072105408,True,True,1.0,1.0,0.0,0.9999999999998007,0.0,0.0,0.0,0.0,False
d:\Research\Multi-View Fusion Network\datasets\brisc2025\classification_task\test\no_tumor\brisc2025_test_00607_no_ax_t1.jpg,no_tumor,no_tumor,axial,0.021519188,0.021728916,0.021070184,0.9356817,0.9356817007064819,True,True,1.0,1.0,0.0,0.9999999999998007,0.0,0.0,0.0,0.0,False
d:\Research\Multi-View Fusion Network\datasets\brisc2025\classification_task\test\no_tumor\brisc2025_test_00608_no_ax_t1.jpg,no_tumor,no_tumor,axial,0.021638174,0.021759484,0.02192217,0.9346802,0.9346802234649658,True,True,1.0,1.0,0.0,0.9999999999998007,0.0,0.0,0.0,0.0,False
d:\Research\Multi-View Fusion Network\datasets\brisc2025\classification_task\test\no_tumor\brisc2025_test_00609_no_ax_t1.jpg,no_tumor,no_tumor,axial,0.02217043,0.022012819,0.022525106,0.9332916,0.9332916140556335,True,True,1.0,1.0,0.0,0.9999999999998007,0.0,0.0,0.0,0.0,False
d:\Research\Multi-View Fusion Network\datasets\brisc2025\classification_task\test\no_tumor\brisc2025_test_00610_no_ax_t1.jpg,no_tumor,no_tumor,axial,0.021362307,0.02134462,0.020817315,0.93647575,0.9364757537841797,True,True,1.0,1.0,0.0,0.9999999999998007,0.0,0.0,0.0,0.0,False
d:\Research\Multi-View Fusion Network\datasets\brisc2025\classification_task\test\no_tumor\brisc2025_test_00611_no_ax_t1.jpg,no_tumor,no_tumor,axial,0.021939632,0.02175174,0.02141228,0.93489635,0.9348963499069214,True,True,1.0,1.0,0.0,0.9999999999998007,0.0,0.0,0.0,0.0,False
d:\Research\Multi-View Fusion Network\datasets\brisc2025\classification_task\test\no_tumor\brisc2025_test_00612_no_ax_t1.jpg,no_tumor,no_tumor,axial,0.021606188,0.021743793,0.022084313,0.9345658,0.9345657825469971,True,True,1.0,1.0,0.0,0.9999999999998007,0.0,0.0,0.0,0.0,False
d:\Research\Multi-View Fusion Network\datasets\brisc2025\classification_task\test\no_tumor\brisc2025_test_00613_no_co_t1.jpg,no_tumor,no_tumor,coronal,0.020760668,0.022226099,0.022026908,0.93498635,0.9349863529205322,True,True,1.0,1.0,0.0,0.9999999999998007,0.0,0.0,0.0,0.0,False
d:\Research\Multi-View Fusion Network\datasets\brisc2025\classification_task\test\no_tumor\brisc2025_test_00614_no_co_t1.jpg,no_tumor,no_tumor,coronal,0.021517614,0.022876833,0.0230011,0.93260443,0.9326044321060181,True,True,1.0,1.0,0.0,0.9999999999998007,0.0,0.0,0.0,0.0,False
d:\Research\Multi-View Fusion Network\datasets\brisc2025\classification_task\test\no_tumor\brisc2025_test_00615_no_co_t1.jpg,no_tumor,no_tumor,coronal,0.021406401,0.021782292,0.021928744,0.9348826,0.9348825812339783,True,True,1.0,1.0,0.0,0.9999999999998007,0.0,0.0,0.0,0.0,False
d:\Research\Multi-View Fusion Network\datasets\brisc2025\classification_task\test\no_tumor\brisc2025_test_00616_no_co_t1.jpg,no_tumor,no_tumor,coronal,0.021054957,0.022447795,0.021530058,0.9349672,0.9349672198295593,True,True,1.0,1.0,0.0,0.9999999999998007,0.0,0.0,0.0,0.0,False
d:\Research\Multi-View Fusion Network\datasets\brisc2025\classification_task\test\no_tumor\brisc2025_test_00617_no_co_t1.jpg,no_tumor,no_tumor,coronal,0.021337118,0.021951376,0.021634083,0.9350775,0.9350774884223938,True,True,1.0,1.0,0.0,0.9999999999998007,0.0,0.0,0.0,0.0,False
d:\Research\Multi-View Fusion Network\datasets\brisc2025\classification_task\test\no_tumor\brisc2025_test_00618_no_co_t1.jpg,no_tumor,no_tumor,coronal,0.02128671,0.021845648,0.021813229,0.9350544,0.9350544214248657,True,True,1.0,1.0,0.0,0.9999999999998007,0.0,0.0,0.0,0.0,False
d:\Research\Multi-View Fusion Network\datasets\brisc2025\classification_task\test\no_tumor\brisc2025_test_00619_no_co_t1.jpg,no_tumor,no_tumor,coronal,0.021815186,0.021787738,0.021780396,0.9346167,0.9346166849136353,True,True,1.0,1.0,0.0,0.9999999999998007,0.0,0.0,0.0,0.0,False
d:\Research\Multi-View Fusion Network\datasets\brisc2025\classification_task\test\no_tumor\brisc2025_test_00620_no_co_t1.jpg,no_tumor,no_tumor,coronal,0.021429399,0.021585997,0.02125045,0.93573415,0.9357341527938843,True,True,1.0,1.0,0.0,0.9999999999998007,0.0,0.0,0.0,0.0,False
d:\Research\Multi-View Fusion Network\datasets\brisc2025\classification_task\test\no_tumor\brisc2025_test_00621_no_co_t1.jpg,no_tumor,no_tumor,coronal,0.021573992,0.02169043,0.021508405,0.93522716,0.9352271556854248,True,True,1.0,1.0,0.0,0.9999999999998007,0.0,0.0,0.0,0.0,False
d:\Research\Multi-View Fusion Network\datasets\brisc2025\classification_task\test\no_tumor\brisc2025_test_00622_no_co_t1.jpg,no_tumor,no_tumor,coronal,0.021475205,0.021813879,0.021372745,0.9353382,0.9353381991386414,True,True,1.0,1.0,0.0,0.9999999999998007,0.0,0.0,0.0,0.0,False
d:\Research\Multi-View Fusion Network\datasets\brisc2025\classification_task\test\no_tumor\brisc2025_test_00623_no_co_t1.jpg,no_tumor,no_tumor,coronal,0.02158842,0.021517841,0.021201186,0.9356926,0.9356926083564758,True,True,1.0,1.0,0.0,0.9999999999998007,0.0,0.0,0.0,0.0,False
d:\Research\Multi-View Fusion Network\datasets\brisc2025\classification_task\test\no_tumor\brisc2025_test_00624_no_co_t1.jpg,no_tumor,no_tumor,coronal,0.021623375,0.021720406,0.021423357,0.9352329,0.9352328777313232,True,True,1.0,1.0,0.0,0.9999999999998007,0.0,0.0,0.0,0.0,False
d:\Research\Multi-View Fusion Network\datasets\brisc2025\classification_task\test\no_tumor\brisc2025_test_00625_no_co_t1.jpg,no_tumor,no_tumor,coronal,0.021436775,0.02152926,0.020895699,0.9361382,0.9361382126808167,True,True,1.0,1.0,0.0,0.9999999999998007,0.0,0.0,0.0,0.0,False
d:\Research\Multi-View Fusion Network\datasets\brisc2025\classification_task\test\no_tumor\brisc2025_test_00626_no_co_t1.jpg,no_tumor,no_tumor,coronal,0.021923384,0.021689998,0.021688892,0.9346977,0.934697687625885,True,True,1.0,1.0,0.0,0.9999999999998007,0.0,0.0,0.0,0.0,False
d:\Research\Multi-View Fusion Network\datasets\brisc2025\classification_task\test\no_tumor\brisc2025_test_00627_no_co_t1.jpg,no_tumor,no_tumor,coronal,0.021383425,0.021494487,0.0210588,0.9360633,0.936063289642334,True,True,1.0,1.0,0.0,0.9999999999998007,0.0,0.0,0.0,0.0,False
d:\Research\Multi-View Fusion Network\datasets\brisc2025\classification_task\test\no_tumor\brisc2025_test_00628_no_co_t1.jpg,no_tumor,no_tumor,coronal,0.02135521,0.02157916,0.02130714,0.9357585,0.9357584714889526,True,True,1.0,1.0,0.0,0.9999999999998007,0.0,0.0,0.0,0.0,False
d:\Research\Multi-View Fusion Network\datasets\brisc2025\classification_task\test\no_tumor\brisc2025_test_00629_no_co_t1.jpg,no_tumor,no_tumor,coronal,0.02171581,0.021600753,0.021137984,0.9355455,0.9355455040931702,True,True,1.0,1.0,0.0,0.9999999999998007,0.0,0.0,0.0,0.0,False
d:\Research\Multi-View Fusion Network\datasets\brisc2025\classification_task\test\no_tumor\brisc2025_test_00630_no_co_t1.jpg,no_tumor,no_tumor,coronal,0.02161909,0.021494884,0.021177875,0.93570817,0.9357081651687622,True,True,1.0,1.0,0.0,0.9999999999998007,0.0,0.0,0.0,0.0,False
d:\Research\Multi-View Fusion Network\datasets\brisc2025\classification_task\test\no_tumor\brisc2025_test_00631_no_co_t1.jpg,no_tumor,no_tumor,coronal,0.021831451,0.021725351,0.021574192,0.93486905,0.9348690509796143,True,True,1.0,1.0,0.0,0.9999999999998007,0.0,0.0,0.0,0.0,False
d:\Research\Multi-View Fusion Network\datasets\brisc2025\classification_task\test\no_tumor\brisc2025_test_00632_no_co_t1.jpg,no_tumor,no_tumor,coronal,0.021656899,0.021500833,0.021214712,0.93562764,0.9356276392936707,True,True,1.0,1.0,0.0,0.9999999999998007,0.0,0.0,0.0,0.0,False
d:\Research\Multi-View Fusion Network\datasets\brisc2025\classification_task\test\no_tumor\brisc2025_test_00633_no_co_t1.jpg,no_tumor,no_tumor,coronal,0.021426491,0.021521518,0.020888045,0.936164,0.9361640214920044,True,True,1.0,1.0,0.0,0.9999999999998007,0.0,0.0,0.0,0.0,False
d:\Research\Multi-View Fusion Network\datasets\brisc2025\classification_task\test\no_tumor\brisc2025_test_00634_no_co_t1.jpg,no_tumor,no_tumor,coronal,0.021490155,0.021405062,0.020967452,0.9361374,0.9361373782157898,True,True,1.0,1.0,0.0,0.9999999999998007,0.0,0.0,0.0,0.0,False
d:\Research\Multi-View Fusion Network\datasets\brisc2025\classification_task\test\no_tumor\brisc2025_test_00635_no_co_t1.jpg,no_tumor,no_tumor,coronal,0.021776168,0.021893842,0.021761931,0.93456805,0.9345680475234985,True,True,1.0,1.0,0.0,0.9999999999998007,0.0,0.0,0.0,0.0,False
d:\Research\Multi-View Fusion Network\datasets\brisc2025\classification_task\test\no_tumor\brisc2025_test_00636_no_co_t1.jpg,no_tumor,no_tumor,coronal,0.02194027,0.021737898,0.021334559,0.9349873,0.9349873065948486,True,True,1.0,1.0,0.0,0.9999999999998007,0.0,0.0,0.0,0.0,False
d:\Research\Multi-View Fusion Network\datasets\brisc2025\classification_task\test\no_tumor\brisc2025_test_00637_no_co_t1.jpg,no_tumor,no_tumor,coronal,0.02192724,0.021645859,0.021346493,0.9350804,0.9350804090499878,True,True,1.0,1.0,0.0,0.9999999999998007,0.0,0.0,0.0,0.0,False
d:\Research\Multi-View Fusion Network\datasets\brisc2025\classification_task\test\no_tumor\brisc2025_test_00638_no_co_t1.jpg,no_tumor,no_tumor,coronal,0.021483375,0.021278711,0.02105557,0.93618226,0.9361822605133057,True,True,1.0,1.0,0.0,0.9999999999998007,0.0,0.0,0.0,0.0,False
d:\Research\Multi-View Fusion Network\datasets\brisc2025\classification_task\test\no_tumor\brisc2025_test_00639_no_co_t1.jpg,no_tumor,no_tumor,coronal,0.021799222,0.021602986,0.021471616,0.9351261,0.9351261258125305,True,True,1.0,1.0,0.0,0.9999999999998007,0.0,0.0,0.0,0.0,False
d:\Research\Multi-View Fusion Network\datasets\brisc2025\classification_task\test\no_tumor\brisc2025_test_00640_no_co_t1.jpg,no_tumor,no_tumor,coronal,0.021678265,0.021654828,0.02120593,0.935461,0.9354609847068787,True,True,1.0,1.0,0.0,0.9999999999998007,0.0,0.0,0.0,0.0,False
d:\Research\Multi-View Fusion Network\datasets\brisc2025\classification_task\test\no_tumor\brisc2025_test_00641_no_co_t1.jpg,no_tumor,no_tumor,coronal,0.021805618,0.021618903,0.021349361,0.93522614,0.9352261424064636,True,True,1.0,1.0,0.0,0.9999999999998007,0.0,0.0,0.0,0.0,False
d:\Research\Multi-View Fusion Network\datasets\brisc2025\classification_task\test\no_tumor\brisc2025_test_00642_no_co_t1.jpg,no_tumor,no_tumor,coronal,0.021888345,0.021679312,0.021426307,0.93500596,0.9350059628486633,True,True,1.0,1.0,0.0,0.9999999999998007,0.0,0.0,0.0,0.0,False
d:\Research\Multi-View Fusion Network\datasets\brisc2025\classification_task\test\no_tumor\brisc2025_test_00643_no_co_t1.jpg,no_tumor,no_tumor,coronal,0.021741975,0.021343404,0.020908609,0.93600607,0.9360060691833496,True,True,1.0,1.0,0.0,0.9999999999998007,0.0,0.0,0.0,0.0,False
d:\Research\Multi-View Fusion Network\datasets\brisc2025\classification_task\test\no_tumor\brisc2025_test_00644_no_co_t1.jpg,no_tumor,no_tumor,coronal,0.02159884,0.021480517,0.02106297,0.93585765,0.9358576536178589,True,True,1.0,1.0,0.0,0.9999999999998007,0.0,0.0,0.0,0.0,False
d:\Research\Multi-View Fusion Network\datasets\brisc2025\classification_task\test\no_tumor\brisc2025_test_00645_no_co_t1.jpg,no_tumor,no_tumor,coronal,0.021835554,0.021435779,0.02096851,0.93576014,0.9357601404190063,True,True,1.0,1.0,0.0,0.9999999999998007,0.0,0.0,0.0,0.0,False
d:\Research\Multi-View Fusion Network\datasets\brisc2025\classification_task\test\no_tumor\brisc2025_test_00646_no_co_t1.jpg,no_tumor,no_tumor,coronal,0.02159599,0.021582847,0.021404633,0.9354166,0.935416579246521,True,True,1.0,1.0,0.0,0.9999999999998007,0.0,0.0,0.0,0.0,False
d:\Research\Multi-View Fusion Network\datasets\brisc2025\classification_task\test\no_tumor\brisc2025_test_00647_no_co_t1.jpg,no_tumor,no_tumor,coronal,0.02148258,0.021422137,0.020855376,0.93623996,0.9362399578094482,True,True,1.0,1.0,0.0,0.9999999999998007,0.0,0.0,0.0,0.0,False
d:\Research\Multi-View Fusion Network\datasets\brisc2025\classification_task\test\no_tumor\brisc2025_test_00648_no_co_t1.jpg,no_tumor,no_tumor,coronal,0.021681467,0.02148208,0.021174926,0.93566155,0.9356615543365479,True,True,1.0,1.0,0.0,0.9999999999998007,0.0,0.0,0.0,0.0,False
d:\Research\Multi-View Fusion Network\datasets\brisc2025\classification_task\test\no_tumor\brisc2025_test_00649_no_co_t1.jpg,no_tumor,no_tumor,coronal,0.021654492,0.021346005,0.020909622,0.9360898,0.936089813709259,True,True,1.0,1.0,0.0,0.9999999999998007,0.0,0.0,0.0,0.0,False
d:\Research\Multi-View Fusion Network\datasets\brisc2025\classification_task\test\no_tumor\brisc2025_test_00650_no_co_t1.jpg,no_tumor,no_tumor,coronal,0.021653663,0.021434844,0.02141279,0.9354988,0.9354987740516663,True,True,1.0,1.0,0.0,0.9999999999998007,0.0,0.0,0.0,0.0,False
d:\Research\Multi-View Fusion Network\datasets\brisc2025\classification_task\test\no_tumor\brisc2025_test_00651_no_co_t1.jpg,no_tumor,no_tumor,coronal,0.021564135,0.021438178,0.020997327,0.9360003,0.9360002875328064,True,True,1.0,1.0,0.0,0.9999999999998007,0.0,0.0,0.0,0.0,False
d:\Research\Multi-View Fusion Network\datasets\brisc2025\classification_task\test\no_tumor\brisc2025_test_00652_no_co_t1.jpg,no_tumor,no_tumor,coronal,0.021394609,0.021312287,0.020716624,0.93657655,0.9365765452384949,True,True,1.0,1.0,0.0,0.9999999999998007,0.0,0.0,0.0,0.0,False
d:\Research\Multi-View Fusion Network\datasets\brisc2025\classification_task\test\no_tumor\brisc2025_test_00653_no_co_t1.jpg,no_tumor,no_tumor,coronal,0.0214249,0.021378,0.020765359,0.93643177,0.9364317655563354,True,True,1.0,1.0,0.0,0.9999999999998007,0.0,0.0,0.0,0.0,False
d:\Research\Multi-View Fusion Network\datasets\brisc2025\classification_task\test\no_tumor\brisc2025_test_00654_no_co_t1.jpg,no_tumor,no_tumor,coronal,0.021557257,0.021470325,0.020886458,0.93608594,0.9360859394073486,True,True,1.0,1.0,0.0,0.9999999999998007,0.0,0.0,0.0,0.0,False
d:\Research\Multi-View Fusion Network\datasets\brisc2025\classification_task\test\no_tumor\brisc2025_test_00655_no_co_t1.jpg,no_tumor,no_tumor,coronal,0.021576988,0.02142709,0.021271518,0.9357244,0.9357243776321411,True,True,1.0,1.0,0.0,0.9999999999998007,0.0,0.0,0.0,0.0,False
d:\Research\Multi-View Fusion Network\datasets\brisc2025\classification_task\test\no_tumor\brisc2025_test_00656_no_co_t1.jpg,no_tumor,no_tumor,coronal,0.021768695,0.021707775,0.021981267,0.93454224,0.9345422387123108,True,True,1.0,1.0,0.0,0.9999999999998007,0.0,0.0,0.0,0.0,False
d:\Research\Multi-View Fusion Network\datasets\brisc2025\classification_task\test\no_tumor\brisc2025_test_00657_no_co_t1.jpg,no_tumor,no_tumor,coronal,0.021735,0.021694504,0.021270594,0.9352999,0.9352998733520508,True,True,1.0,1.0,0.0,0.9999999999998007,0.0,0.0,0.0,0.0,False
d:\Research\Multi-View Fusion Network\datasets\brisc2025\classification_task\test\no_tumor\brisc2025_test_00658_no_co_t1.jpg,no_tumor,no_tumor,coronal,0.02151741,0.021666903,0.021423634,0.935392,0.9353920221328735,True,True,1.0,1.0,0.0,0.9999999999998007,0.0,0.0,0.0,0.0,False
d:\Research\Multi-View Fusion Network\datasets\brisc2025\classification_task\test\no_tumor\brisc2025_test_00659_no_co_t1.jpg,no_tumor,no_tumor,coronal,0.02155109,0.021587513,0.021487538,0.9353739,0.9353739023208618,True,True,1.0,1.0,0.0,0.9999999999998007,0.0,0.0,0.0,0.0,False
d:\Research\Multi-View Fusion Network\datasets\brisc2025\classification_task\test\no_tumor\brisc2025_test_00660_no_co_t1.jpg,no_tumor,no_tumor,coronal,0.02155109,0.021587513,0.021487538,0.9353739,0.9353739023208618,True,True,1.0,1.0,0.0,0.9999999999998007,0.0,0.0,0.0,0.0,False
d:\Research\Multi-View Fusion Network\datasets\brisc2025\classification_task\test\no_tumor\brisc2025_test_00661_no_sa_t1.jpg,no_tumor,no_tumor,sagittal,0.021319792,0.02160457,0.021897973,0.93517774,0.935177743434906,True,True,1.0,1.0,0.0,0.9999999999998007,0.0,0.0,0.0,0.0,False
d:\Research\Multi-View Fusion Network\datasets\brisc2025\classification_task\test\no_tumor\brisc2025_test_00662_no_sa_t1.jpg,no_tumor,no_tumor,sagittal,0.021442477,0.02168977,0.021701507,0.9351663,0.9351662993431091,True,True,1.0,1.0,0.0,0.9999999999998007,0.0,0.0,0.0,0.0,False
d:\Research\Multi-View Fusion Network\datasets\brisc2025\classification_task\test\no_tumor\brisc2025_test_00663_no_sa_t1.jpg,no_tumor,no_tumor,sagittal,0.021145308,0.021587737,0.021944158,0.9353229,0.9353228807449341,True,True,1.0,1.0,0.0,0.9999999999998007,0.0,0.0,0.0,0.0,False
d:\Research\Multi-View Fusion Network\datasets\brisc2025\classification_task\test\no_tumor\brisc2025_test_00664_no_sa_t1.jpg,no_tumor,no_tumor,sagittal,0.021416176,0.021901049,0.022038141,0.9346446,0.9346445798873901,True,True,1.0,1.0,0.0,0.9999999999998007,0.0,0.0,0.0,0.0,False
d:\Research\Multi-View Fusion Network\datasets\brisc2025\classification_task\test\no_tumor\brisc2025_test_00665_no_sa_t1.jpg,no_tumor,no_tumor,sagittal,0.021683015,0.021627605,0.021875054,0.93481433,0.9348143339157104,True,True,1.0,1.0,0.0,0.9999999999998007,0.0,0.0,0.0,0.0,False
d:\Research\Multi-View Fusion Network\datasets\brisc2025\classification_task\test\no_tumor\brisc2025_test_00666_no_sa_t1.jpg,no_tumor,no_tumor,sagittal,0.021282138,0.021668099,0.021350672,0.9356991,0.9356991052627563,True,True,1.0,1.0,0.0,0.9999999999998007,0.0,0.0,0.0,0.0,False
d:\Research\Multi-View Fusion Network\datasets\brisc2025\classification_task\test\no_tumor\brisc2025_test_00667_no_sa_t1.jpg,no_tumor,no_tumor,sagittal,0.021479316,0.021594837,0.02158307,0.9353428,0.9353427886962891,True,True,1.0,1.0,0.0,0.9999999999998007,0.0,0.0,0.0,0.0,False
d:\Research\Multi-View Fusion Network\datasets\brisc2025\classification_task\test\no_tumor\brisc2025_test_00668_no_sa_t1.jpg,no_tumor,no_tumor,sagittal,0.021477439,0.021831105,0.021713175,0.93497837,0.9349783658981323,True,True,1.0,1.0,0.0,0.9999999999998007,0.0,0.0,0.0,0.0,False
d:\Research\Multi-View Fusion Network\datasets\brisc2025\classification_task\test\no_tumor\brisc2025_test_00669_no_sa_t1.jpg,no_tumor,no_tumor,sagittal,0.02197147,0.02180893,0.022114137,0.93410546,0.9341054558753967,True,True,1.0,1.0,0.0,0.9999999999998007,0.0,0.0,0.0,0.0,False
d:\Research\Multi-View Fusion Network\datasets\brisc2025\classification_task\test\no_tumor\brisc2025_test_00670_no_sa_t1.jpg,no_tumor,no_tumor,sagittal,0.021447292,0.021483546,0.021906575,0.9351626,0.9351626038551331,True,True,1.0,1.0,0.0,0.9999999999998007,0.0,0.0,0.0,0.0,False
d:\Research\Multi-View Fusion Network\datasets\brisc2025\classification_task\test\no_tumor\brisc2025_test_00671_no_sa_t1.jpg,no_tumor,no_tumor,sagittal,0.021561384,0.021435997,0.021499395,0.93550324,0.9355032444000244,True,True,1.0,1.0,0.0,0.9999999999998007,0.0,0.0,0.0,0.0,False
d:\Research\Multi-View Fusion Network\datasets\brisc2025\classification_task\test\no_tumor\brisc2025_test_00672_no_sa_t1.jpg,no_tumor,no_tumor,sagittal,0.021692358,0.021493314,0.021525744,0.9352886,0.9352886080741882,True,True,1.0,1.0,0.0,0.9999999999998007,0.0,0.0,0.0,0.0,False
d:\Research\Multi-View Fusion Network\datasets\brisc2025\classification_task\test\no_tumor\brisc2025_test_00673_no_sa_t1.jpg,no_tumor,no_tumor,sagittal,0.021938778,0.021632312,0.022396343,0.93403256,0.9340325593948364,True,True,1.0,1.0,0.0,0.9999999999998007,0.0,0.0,0.0,0.0,False
d:\Research\Multi-View Fusion Network\datasets\brisc2025\classification_task\test\no_tumor\brisc2025_test_00674_no_sa_t1.jpg,no_tumor,no_tumor,sagittal,0.021186356,0.021586528,0.021279668,0.9359475,0.9359474778175354,True,True,1.0,1.0,0.0,0.9999999999998007,0.0,0.0,0.0,0.0,False
d:\Research\Multi-View Fusion Network\datasets\brisc2025\classification_task\test\no_tumor\brisc2025_test_00675_no_sa_t1.jpg,no_tumor,no_tumor,sagittal,0.021552164,0.02161547,0.021405745,0.9354266,0.9354265928268433,True,True,1.0,1.0,0.0,0.9999999999998007,0.0,0.0,0.0,0.0,False
d:\Research\Multi-View Fusion Network\datasets\brisc2025\classification_task\test\no_tumor\brisc2025_test_00676_no_sa_t1.jpg,no_tumor,no_tumor,sagittal,0.021490457,0.02149529,0.021796457,0.9352178,0.9352177977561951,True,True,1.0,1.0,0.0,0.9999999999998007,0.0,0.0,0.0,0.0,False
d:\Research\Multi-View Fusion Network\datasets\brisc2025\classification_task\test\no_tumor\brisc2025_test_00677_no_sa_t1.jpg,no_tumor,no_tumor,sagittal,0.021806162,0.021543328,0.02188976,0.9347608,0.9347608089447021,True,True,1.0,1.0,0.0,0.9999999999998007,0.0,0.0,0.0,0.0,False
d:\Research\Multi-View Fusion Network\datasets\brisc2025\classification_task\test\no_tumor\brisc2025_test_00678_no_sa_t1.jpg,no_tumor,no_tumor,sagittal,0.021887459,0.021589546,0.02184658,0.93467635,0.9346763491630554,True,True,1.0,1.0,0.0,0.9999999999998007,0.0,0.0,0.0,0.0,False
d:\Research\Multi-View Fusion Network\datasets\brisc2025\classification_task\test\no_tumor\brisc2025_test_00679_no_sa_t1.jpg,no_tumor,no_tumor,sagittal,0.021822412,0.021560578,0.021738656,0.9348783,0.9348782896995544,True,True,1.0,1.0,0.0,0.9999999999998007,0.0,0.0,0.0,0.0,False
d:\Research\Multi-View Fusion Network\datasets\brisc2025\classification_task\test\no_tumor\brisc2025_test_00680_no_sa_t1.jpg,no_tumor,no_tumor,sagittal,0.021754628,0.021728521,0.021699399,0.9348175,0.9348174929618835,True,True,1.0,1.0,0.0,0.9999999999998007,0.0,0.0,0.0,0.0,False
d:\Research\Multi-View Fusion Network\datasets\brisc2025\classification_task\test\no_tumor\brisc2025_test_00681_no_sa_t1.jpg,no_tumor,no_tumor,sagittal,0.021804608,0.02199923,0.021418745,0.9347774,0.9347773790359497,True,True,1.0,1.0,0.0,0.9999999999998007,0.0,0.0,0.0,0.0,False
d:\Research\Multi-View Fusion Network\datasets\brisc2025\classification_task\test\no_tumor\brisc2025_test_00682_no_sa_t1.jpg,no_tumor,no_tumor,sagittal,0.021645077,0.022187764,0.021279374,0.9348877,0.934887707233429,True,True,1.0,1.0,0.0,0.9999999999998007,0.0,0.0,0.0,0.0,False
d:\Research\Multi-View Fusion Network\datasets\brisc2025\classification_task\test\no_tumor\brisc2025_test_00683_no_sa_t1.jpg,no_tumor,no_tumor,sagittal,0.021750877,0.021868594,0.021487597,0.9348929,0.9348928928375244,True,True,1.0,1.0,0.0,0.9999999999998007,0.0,0.0,0.0,0.0,False
d:\Research\Multi-View Fusion Network\datasets\brisc2025\classification_task\test\no_tumor\brisc2025_test_00684_no_sa_t1.jpg,no_tumor,no_tumor,sagittal,0.022338592,0.021835078,0.022026857,0.93379945,0.9337994456291199,True,True,1.0,1.0,0.0,0.9999999999998007,0.0,0.0,0.0,0.0,False
d:\Research\Multi-View Fusion Network\datasets\brisc2025\classification_task\test\no_tumor\brisc2025_test_00685_no_sa_t1.jpg,no_tumor,no_tumor,sagittal,0.022038965,0.021745695,0.02162143,0.934594,0.9345939755439758,True,True,1.0,1.0,0.0,0.9999999999998007,0.0,0.0,0.0,0.0,False
d:\Research\Multi-View Fusion Network\datasets\brisc2025\classification_task\test\no_tumor\brisc2025_test_00686_no_sa_t1.jpg,no_tumor,no_tumor,sagittal,0.021735169,0.021740051,0.021292606,0.93523216,0.9352321624755859,True,True,1.0,1.0,0.0,0.9999999999998007,0.0,0.0,0.0,0.0,False
d:\Research\Multi-View Fusion Network\datasets\brisc2025\classification_task\test\no_tumor\brisc2025_test_00687_no_sa_t1.jpg,no_tumor,no_tumor,sagittal,0.021958156,0.021630587,0.022009114,0.9344021,0.9344021081924438,True,True,1.0,1.0,0.0,0.9999999999998007,0.0,0.0,0.0,0.0,False
d:\Research\Multi-View Fusion Network\datasets\brisc2025\classification_task\test\no_tumor\brisc2025_test_00688_no_sa_t1.jpg,no_tumor,no_tumor,sagittal,0.021992913,0.021539899,0.021829667,0.9346375,0.9346374869346619,True,True,1.0,1.0,0.0,0.9999999999998007,0.0,0.0,0.0,0.0,False
d:\Research\Multi-View Fusion Network\datasets\brisc2025\classification_task\test\no_tumor\brisc2025_test_00689_no_sa_t1.jpg,no_tumor,no_tumor,sagittal,0.021825368,0.021803545,0.021808041,0.93456304,0.9345630407333374,True,True,1.0,1.0,0.0,0.9999999999998007,0.0,0.0,0.0,0.0,False
d:\Research\Multi-View Fusion Network\datasets\brisc2025\classification_task\test\no_tumor\brisc2025_test_00690_no_sa_t1.jpg,no_tumor,no_tumor,sagittal,0.021448394,0.021420393,0.021603225,0.9355281,0.9355280995368958,True,True,1.0,1.0,0.0,0.9999999999998007,0.0,0.0,0.0,0.0,False
d:\Research\Multi-View Fusion Network\datasets\brisc2025\classification_task\test\no_tumor\brisc2025_test_00691_no_sa_t1.jpg,no_tumor,no_tumor,sagittal,0.021547345,0.021422796,0.021595791,0.9354341,0.935434103012085,True,True,1.0,1.0,0.0,0.9999999999998007,0.0,0.0,0.0,0.0,False
d:\Research\Multi-View Fusion Network\datasets\brisc2025\classification_task\test\no_tumor\brisc2025_test_00692_no_sa_t1.jpg,no_tumor,no_tumor,sagittal,0.022182979,0.021589635,0.022248022,0.93397933,0.933979332447052,True,True,1.0,1.0,0.0,0.9999999999998007,0.0,0.0,0.0,0.0,False
d:\Research\Multi-View Fusion Network\datasets\brisc2025\classification_task\test\no_tumor\brisc2025_test_00693_no_sa_t1.jpg,no_tumor,no_tumor,sagittal,0.022025948,0.021534357,0.02225229,0.9341874,0.9341874122619629,True,True,1.0,1.0,0.0,0.9999999999998007,0.0,0.0,0.0,0.0,False
d:\Research\Multi-View Fusion Network\datasets\brisc2025\classification_task\test\no_tumor\brisc2025_test_00694_no_sa_t1.jpg,no_tumor,no_tumor,sagittal,0.021547979,0.021394981,0.021630993,0.93542594,0.9354259371757507,True,True,1.0,1.0,0.0,0.9999999999998007,0.0,0.0,0.0,0.0,False
d:\Research\Multi-View Fusion Network\datasets\brisc2025\classification_task\test\no_tumor\brisc2025_test_00695_no_sa_t1.jpg,no_tumor,no_tumor,sagittal,0.021578738,0.021949545,0.021934083,0.93453765,0.9345376491546631,True,True,1.0,1.0,0.0,0.9999999999998007,0.0,0.0,0.0,0.0,False
d:\Research\Multi-View Fusion Network\datasets\brisc2025\classification_task\test\no_tumor\brisc2025_test_00696_no_sa_t1.jpg,no_tumor,no_tumor,sagittal,0.021651326,0.021987412,0.021926086,0.9344352,0.9344351887702942,True,True,1.0,1.0,0.0,0.9999999999998007,0.0,0.0,0.0,0.0,False
d:\Research\Multi-View Fusion Network\datasets\brisc2025\classification_task\test\no_tumor\brisc2025_test_00697_no_sa_t1.jpg,no_tumor,no_tumor,sagittal,0.021801637,0.021826658,0.022099381,0.93427235,0.9342723488807678,True,True,1.0,1.0,0.0,0.9999999999998007,0.0,0.0,0.0,0.0,False
d:\Research\Multi-View Fusion Network\datasets\brisc2025\classification_task\test\no_tumor\brisc2025_test_00698_no_sa_t1.jpg,no_tumor,no_tumor,sagittal,0.021364361,0.021609262,0.021359665,0.93566674,0.9356667399406433,True,True,1.0,1.0,0.0,0.9999999999998007,0.0,0.0,0.0,0.0,False
d:\Research\Multi-View Fusion Network\datasets\brisc2025\classification_task\test\no_tumor\brisc2025_test_00699_no_sa_t1.jpg,no_tumor,no_tumor,sagittal,0.021847095,0.021754146,0.021881295,0.93451744,0.9345174431800842,True,True,1.0,1.0,0.0,0.9999999999998007,0.0,0.0,0.0,0.0,False
d:\Research\Multi-View Fusion Network\datasets\brisc2025\classification_task\test\no_tumor\brisc2025_test_00700_no_sa_t1.jpg,no_tumor,no_tumor,sagittal,0.021472896,0.021292927,0.02141236,0.9358218,0.9358217716217041,True,True,1.0,1.0,0.0,0.9999999999998007,0.0,0.0,0.0,0.0,False
